{
  "random_state": 42,
  "train_size": 247083,
  "test_size": 61771,
  "best_hyperparameters": {
    "logistic_regression": {
      "C": 0.019862202679204268,
      "penalty": "l1",
      "solver": "saga"
    },
    "xgboost": {
      "n_estimators": 374,
      "max_depth": 5,
      "learning_rate": 0.014869885785894828,
      "min_child_weight": 6,
      "subsample": 0.6831330051492865,
      "colsample_bytree": 0.8820976984208708,
      "reg_alpha": 2.9364744831755556e-07,
      "reg_lambda": 1.9515315883739624e-08
    },
    "catboost": {
      "iterations": 626,
      "depth": 4,
      "learning_rate": 0.025759700192297515,
      "l2_leaf_reg": 7.2141294455247616e-06,
      "bagging_temperature": 0.9953970662637883,
      "border_count": 243
    }
  },
  "optimized_clinical_threshold": 0.07146759870233982,
  "overall_winner": "Calibrated CatBoost (Tuned, Native)",
  "run_timestamp": "2026-01-26T02:09:04.470517"
}